<?xml version="1.0" encoding="utf-8"?>
<resources>
    <color name="colorPrimary">#2c3e50</color>
    <color name="colorPrimaryDark">#1B3147</color>
    <color name="colorAccent">#3498db</color>
    <color name="red">#CB0000</color>
    <color name="white">#FFFFFF</color>
	<color name="close_white">#AAAAAA</color>
	<color name="black">#000000</color>
	<color name="selectedYellow">#FFFF00</color>
	<color name="board_dark">#696561</color>
	<color name="board_light">#CFCAAF</color>
	<color name="board_select">#bc941c</color>
	<color name="bg_light">#2B2B2B</color>
	<color name="bg_dark">#202020</color>
	<color name="success">#65C842</color>
	<color name="green">#0E7D0B</color>
</resources>
