<resources>
    <!-- Base application theme. -->
    <style name="AppTheme" parent="Theme.MaterialComponents.Light.DarkActionBar">
        <!-- Customize your theme here. -->
        <item name="colorPrimary">@color/colorPrimary</item>
        <item name="colorPrimaryDark">@color/colorPrimaryDark</item>
        <item name="colorAccent">@color/colorAccent</item>
    </style>

    <style name="AppTheme.NoActionBar">
        <item name="windowActionBar">false</item>
        <item name="windowNoTitle">true</item>
		<item name="android:windowBackground">@color/bg_light</item>
		<item name="colorPrimaryDark">@color/bg_dark</item>
		<item name="colorPrimary">@color/bg_light</item>
		<item name="android:textColorHint">@color/close_white</item>
		<item name="android:textColor">@color/white</item>
		<item name="android:soundEffectsEnabled">false</item>
    </style>

	<style name="inputField">
		<item name="android:backgroundTint">@color/close_white</item>
		<item name="android:minWidth">20dp</item>
		<item name="android:minHeight">20dp</item>
		<item name="android:layout_width">300dp</item>
		<item name="android:layout_height">wrap_content</item>
	</style>

    <style name="AppTheme.AppBarOverlay" parent="ThemeOverlay.MaterialComponents.Dark.ActionBar" />

    <style name="AppTheme.PopupOverlay" parent="ThemeOverlay.MaterialComponents.Light" />

	<style name="promotionButton">
		<item name="android:layout_width">50dp</item>
		<item name="android:layout_height">50dp</item>
		<item name="android:scaleType">fitCenter</item>
		<item name="android:padding">0dp</item>
		<item name="android:background">@android:color/transparent</item>
	</style>
</resources>
